447,http://new.oversea.cnki.net/kcms/detail/61.1501.R.20200214.1311.004.html
306,http://new.oversea.cnki.net/kcms/detail/61.1501.R.20200211.1318.002.html
965,http://new.oversea.cnki.net/kcms/detail/61.1481.r.20200225.0817.002.html
623,http://new.oversea.cnki.net/kcms/detail/61.1481.R.20200219.0930.002.html
624,http://new.oversea.cnki.net/kcms/detail/61.1481.R.20200218.2300.002.html
976,http://new.oversea.cnki.net/kcms/detail/61.1471.N.20200224.1205.002.html
1052,http://new.oversea.cnki.net/kcms/detail/61.1419.R.20200223.1432.002.html
473,http://new.oversea.cnki.net/kcms/detail/61.1419.R.20200217.2009.002.html
679,http://new.oversea.cnki.net/kcms/detail/61.1415.R.20200218.1020.002.html
501,http://new.oversea.cnki.net/kcms/detail/61.1415.R.20200214.1918.004.html
191,http://new.oversea.cnki.net/kcms/detail/61.1415.R.20200206.1657.002.html
987,http://new.oversea.cnki.net/kcms/detail/61.1399.r.20200224.0944.014.html
994,http://new.oversea.cnki.net/kcms/detail/61.1399.R.20200224.0944.012.html
1012,http://new.oversea.cnki.net/kcms/detail/61.1399.R.20200224.0944.010.html
1003,http://new.oversea.cnki.net/kcms/detail/61.1399.R.20200224.0933.008.html
463,http://new.oversea.cnki.net/kcms/detail/61.1399.R.20200216.1319.004.html
382,http://new.oversea.cnki.net/kcms/detail/61.1399.r.20200213.1259.009.html
390,http://new.oversea.cnki.net/kcms/detail/61.1399.R.20200213.0853.006.html
384,http://new.oversea.cnki.net/kcms/detail/61.1399.r.20200213.0838.004.html
386,http://new.oversea.cnki.net/kcms/detail/61.1399.r.20200213.0838.002.html
457,http://new.oversea.cnki.net/kcms/detail/61.1346.R.20200218.1257.004.html
458,http://new.oversea.cnki.net/kcms/detail/61.1346.R.20200218.1248.002.html
234,http://new.oversea.cnki.net/kcms/detail/61.1346.R.20200210.1532.002.html
151,http://new.oversea.cnki.net/kcms/detail/61.1346.R.20200205.1708.002.html
449,http://new.oversea.cnki.net/kcms/detail/61.1268.R.20200214.0853.001.html
1018,http://new.oversea.cnki.net/kcms/detail/61.1203.R.20200224.1453.004.html
1026,http://new.oversea.cnki.net/kcms/detail/61.1203.R.20200222.1802.002.html
413,http://new.oversea.cnki.net/kcms/detail/61.1203.R.20200212.1523.002.html
988,http://new.oversea.cnki.net/kcms/detail/51.1656.r.20200224.1026.002.html
416,http://new.oversea.cnki.net/kcms/detail/51.1656.R.20200212.0854.002.html
154,http://new.oversea.cnki.net/kcms/detail/51.1656.r.20200204.1640.004.html
149,http://new.oversea.cnki.net/kcms/detail/51.1656.r.20200204.1640.002.html
657,http://new.oversea.cnki.net/kcms/detail/51.1631.r.20200218.1536.002.html
397,http://new.oversea.cnki.net/kcms/detail/51.1631.R.20200212.1727.002.html
339,http://new.oversea.cnki.net/kcms/detail/51.1631.R.20200210.2248.008.html
338,http://new.oversea.cnki.net/kcms/detail/51.1631.R.20200210.2248.006.html
341,http://new.oversea.cnki.net/kcms/detail/51.1631.R.20200210.2248.004.html
342,http://new.oversea.cnki.net/kcms/detail/51.1631.R.20200210.2248.002.html
197,http://new.oversea.cnki.net/kcms/detail/51.1631.r.20200206.1211.002.html
323,http://new.oversea.cnki.net/kcms/detail/51.1505.R.20200212.0906.002.html
295,http://new.oversea.cnki.net/kcms/detail/51.1505.R.20200211.1000.002.html
619,http://new.oversea.cnki.net/kcms/detail/51.1492.R.20200217.1452.002.html
401,http://new.oversea.cnki.net/kcms/detail/51.1492.R.20200212.1702.002.html
336,http://new.oversea.cnki.net/kcms/detail/51.1492.R.20200211.1438.002.html
296,http://new.oversea.cnki.net/kcms/detail/51.1492.R.20200210.1553.004.html
297,http://new.oversea.cnki.net/kcms/detail/51.1492.R.20200210.1553.002.html
157,http://new.oversea.cnki.net/kcms/detail/51.1492.r.20200204.1526.004.html
153,http://new.oversea.cnki.net/kcms/detail/51.1492.r.20200204.1526.002.html
629,http://new.oversea.cnki.net/kcms/detail/51.1372.R.20200217.1517.002.html
304,http://new.oversea.cnki.net/kcms/detail/51.1372.R.20200210.0800.002.html
190,http://new.oversea.cnki.net/kcms/detail/51.1372.R.20200207.0954.002.html
666,http://new.oversea.cnki.net/kcms/detail/51.1356.r.20200220.1416.002.html
455,http://new.oversea.cnki.net/kcms/detail/51.1356.R.20200217.1709.004.html
478,http://new.oversea.cnki.net/kcms/detail/51.1356.R.20200214.1828.024.html
169,http://new.oversea.cnki.net/kcms/detail/51.1356.R.20200202.1714.002.html
1047,http://new.oversea.cnki.net/kcms/detail/51.1218.R.20200222.2113.002.html
611,http://new.oversea.cnki.net/kcms/detail/51.1218.R.20200220.0807.002.html
450,http://new.oversea.cnki.net/kcms/detail/51.1218.R.20200214.1015.002.html
236,http://new.oversea.cnki.net/kcms/detail/51.1218.R.20200210.1130.002.html
1056,http://new.oversea.cnki.net/kcms/detail/51.1207.t.20200222.1023.002.html
452,http://new.oversea.cnki.net/kcms/detail/51.1207.T.20200213.2002.002.html
241,http://new.oversea.cnki.net/kcms/detail/51.1207.t.20200207.1546.002.html
1004,http://new.oversea.cnki.net/kcms/detail/51.1169.R.20200224.1021.002.html
992,http://new.oversea.cnki.net/kcms/detail/51.1145.R.20200224.1720.002.html
484,http://new.oversea.cnki.net/kcms/detail/51.1126.R.20200215.2239.002.html
156,http://new.oversea.cnki.net/kcms/detail/51.1126.r.20200204.1459.002.html
1021,http://new.oversea.cnki.net/kcms/detail/50.1176.R.20200224.1307.002.html
480,http://new.oversea.cnki.net/kcms/detail/50.1176.R.20200217.1824.002.html
396,http://new.oversea.cnki.net/kcms/detail/50.1176.R.20200213.1516.002.html
953,http://new.oversea.cnki.net/kcms/detail/50.1167.R.20200225.1639.002.html
614,http://new.oversea.cnki.net/kcms/detail/50.1167.R.20200218.1654.002.html
475,http://new.oversea.cnki.net/kcms/detail/50.1165.n.20200218.0746.002.html
662,http://new.oversea.cnki.net/kcms/detail/50.1156.r.20200218.1651.001.html
995,http://new.oversea.cnki.net/kcms/detail/50.1126.R.20200224.1731.001.html
646,http://new.oversea.cnki.net/kcms/detail/50.1116.R.20200220.1150.002.html
999,http://new.oversea.cnki.net/kcms/detail/50.1097.R.20200224.1642.012.html
668,http://new.oversea.cnki.net/kcms/detail/50.1097.r.20200220.1117.005.html
660,http://new.oversea.cnki.net/kcms/detail/50.1097.r.20200220.1108.002.html
642,http://new.oversea.cnki.net/kcms/detail/50.1097.R.20200219.2121.006.html
502,http://new.oversea.cnki.net/kcms/detail/50.1097.R.20200215.2009.002.html
380,http://new.oversea.cnki.net/kcms/detail/50.1097.r.20200213.1614.011.html
407,http://new.oversea.cnki.net/kcms/detail/50.1097.R.20200212.2212.017.html
331,http://new.oversea.cnki.net/kcms/detail/50.1097.R.20200212.0900.006.html
332,http://new.oversea.cnki.net/kcms/detail/50.1097.r.20200212.0819.004.html
440,http://new.oversea.cnki.net/kcms/detail/44.1650.R.20200214.1554.002.html
417,http://new.oversea.cnki.net/kcms/detail/44.1627.R.20200212.1302.006.html
1038,http://new.oversea.cnki.net/kcms/detail/44.1570.R.20200224.1059.002.html
1039,http://new.oversea.cnki.net/kcms/detail/44.1570.r.20200221.1357.002.html
392,http://new.oversea.cnki.net/kcms/detail/44.1570.R.20200213.1052.002.html
321,http://new.oversea.cnki.net/kcms/detail/44.1570.R.20200212.0924.002.html
1019,http://new.oversea.cnki.net/kcms/detail/44.1503.R.20200224.1408.004.html
1023,http://new.oversea.cnki.net/kcms/detail/44.1503.R.20200224.1254.002.html
1063,http://new.oversea.cnki.net/kcms/detail/44.1503.R.20200222.1728.002.html
653,http://new.oversea.cnki.net/kcms/detail/44.1503.R.20200220.1006.002.html
630,http://new.oversea.cnki.net/kcms/detail/44.1503.R.20200218.1652.002.html
477,http://new.oversea.cnki.net/kcms/detail/44.1503.R.20200217.1638.002.html
404,http://new.oversea.cnki.net/kcms/detail/44.1503.R.20200213.0806.002.html
239,http://new.oversea.cnki.net/kcms/detail/44.1503.R.20200210.0951.002.html
160,http://new.oversea.cnki.net/kcms/detail/44.1503.R.20200204.1114.002.html
1006,http://new.oversea.cnki.net/kcms/detail/44.1425.R.20200224.1540.002.html
973,http://new.oversea.cnki.net/kcms/detail/44.1282.N.20200224.1628.002.html
1065,http://new.oversea.cnki.net/kcms/detail/44.1282.N.20200221.1857.003.html
670,http://new.oversea.cnki.net/kcms/detail/44.1282.N.20200219.0911.004.html
1049,http://new.oversea.cnki.net/kcms/detail/44.1282.n.20200219.0852.002.html
499,http://new.oversea.cnki.net/kcms/detail/44.1282.n.20200214.1318.002.html
379,http://new.oversea.cnki.net/kcms/detail/44.1282.n.20200212.1132.004.html
299,http://new.oversea.cnki.net/kcms/detail/44.1282.N.20200210.1517.002.html
393,http://new.oversea.cnki.net/kcms/detail/44.1211.R.20200213.1129.008.html
381,http://new.oversea.cnki.net/kcms/detail/44.1211.r.20200213.0857.004.html
402,http://new.oversea.cnki.net/kcms/detail/44.1211.R.20200213.0853.002.html
1057,http://new.oversea.cnki.net/kcms/detail/43.1472.R.20200221.1859.008.html
1055,http://new.oversea.cnki.net/kcms/detail/43.1472.R.20200221.1440.006.html
671,http://new.oversea.cnki.net/kcms/detail/43.1427.r.20200218.0950.002.html
633,http://new.oversea.cnki.net/kcms/detail/43.1408.R.20200217.1626.002.html
294,http://new.oversea.cnki.net/kcms/detail/43.1408.R.20200211.0844.002.html
343,http://new.oversea.cnki.net/kcms/detail/43.1408.R.20200210.2317.002.html
963,http://new.oversea.cnki.net/kcms/detail/43.1390.r.20200225.1102.002.html
984,http://new.oversea.cnki.net/kcms/detail/43.1390.R.20200224.1342.004.html
439,http://new.oversea.cnki.net/kcms/detail/43.1390.R.20200214.1240.002.html
240,http://new.oversea.cnki.net/kcms/detail/43.1390.R.20200209.1237.002.html
322,http://new.oversea.cnki.net/kcms/detail/43.1301.R.20200211.2048.002.html
171,http://new.oversea.cnki.net/kcms/detail/43.1301.r.20200201.1820.006.html
1013,http://new.oversea.cnki.net/kcms/detail/43.1213.R.20200224.0905.002.html
658,http://new.oversea.cnki.net/kcms/detail/43.1213.R.20200218.1047.002.html
462,http://new.oversea.cnki.net/kcms/detail/43.1213.R.20200216.1737.002.html
385,http://new.oversea.cnki.net/kcms/detail/43.1213.R.20200213.1239.002.html
316,http://new.oversea.cnki.net/kcms/detail/43.1213.R.20200212.0952.002.html
996,http://new.oversea.cnki.net/kcms/detail/42.1815.R.20200224.1740.001.html
958,http://new.oversea.cnki.net/kcms/detail/42.1764.R.20200225.0904.001.html
1025,http://new.oversea.cnki.net/kcms/detail/42.1677.r.20200223.1646.002.html
1040,http://new.oversea.cnki.net/kcms/detail/42.1677.R.20200223.0840.001.html
626,http://new.oversea.cnki.net/kcms/detail/42.1677.R.20200219.0907.001.html
620,http://new.oversea.cnki.net/kcms/detail/42.1677.R.20200218.0814.001.html
495,http://new.oversea.cnki.net/kcms/detail/42.1677.R.20200217.0944.002.html
383,http://new.oversea.cnki.net/kcms/detail/42.1677.R.20200213.1408.001.html
983,http://new.oversea.cnki.net/kcms/detail/42.1293.R.20200225.0949.004.html
982,http://new.oversea.cnki.net/kcms/detail/42.1293.r.20200225.0939.002.html
490,http://new.oversea.cnki.net/kcms/detail/42.1293.R.20200217.1417.002.html
437,http://new.oversea.cnki.net/kcms/detail/42.1293.R.20200215.0150.002.html
403,http://new.oversea.cnki.net/kcms/detail/42.1293.R.20200213.0901.002.html
408,http://new.oversea.cnki.net/kcms/detail/42.1293.R.20200212.2049.002.html
335,http://new.oversea.cnki.net/kcms/detail/42.1293.R.20200211.2022.005.html
302,http://new.oversea.cnki.net/kcms/detail/42.1293.r.20200211.1104.002.html
311,http://new.oversea.cnki.net/kcms/detail/42.1293.R.20200210.2219.006.html
313,http://new.oversea.cnki.net/kcms/detail/42.1293.R.20200210.2004.004.html
314,http://new.oversea.cnki.net/kcms/detail/42.1293.R.20200210.1759.002.html
164,http://new.oversea.cnki.net/kcms/detail/42.1293.R.20200203.1403.004.html
165,http://new.oversea.cnki.net/kcms/detail/42.1293.R.20200203.1003.002.html
179,http://new.oversea.cnki.net/kcms/detail/42.1293.r.20200130.1803.002.html
465,http://new.oversea.cnki.net/kcms/detail/42.1208.R.20200215.0851.001.html
954,http://new.oversea.cnki.net/kcms/detail/42.1204.R.20200225.1458.006.html
985,http://new.oversea.cnki.net/kcms/detail/42.1204.R.20200225.0908.002.html
991,http://new.oversea.cnki.net/kcms/detail/42.1204.R.20200224.1905.007.html
1002,http://new.oversea.cnki.net/kcms/detail/42.1204.r.20200224.1615.004.html
1043,http://new.oversea.cnki.net/kcms/detail/42.1204.r.20200223.1636.006.html
1058,http://new.oversea.cnki.net/kcms/detail/42.1204.R.20200222.1810.002.html
675,http://new.oversea.cnki.net/kcms/detail/42.1204.r.20200218.0954.002.html
638,http://new.oversea.cnki.net/kcms/detail/42.1204.R.20200217.1931.003.html
196,http://new.oversea.cnki.net/kcms/detail/42.1187.R.20200206.1616.004.html
199,http://new.oversea.cnki.net/kcms/detail/42.1187.R.20200206.1454.002.html
947,http://new.oversea.cnki.net/kcms/detail/42.1130.R.20200225.0919.002.html
955,http://new.oversea.cnki.net/kcms/detail/41.1411.R.20200225.1505.006.html
972,http://new.oversea.cnki.net/kcms/detail/41.1411.R.20200225.1111.004.html
970,http://new.oversea.cnki.net/kcms/detail/41.1411.R.20200225.1103.002.html
1024,http://new.oversea.cnki.net/kcms/detail/41.1411.R.20200224.1332.004.html
1034,http://new.oversea.cnki.net/kcms/detail/41.1411.R.20200224.1128.002.html
634,http://new.oversea.cnki.net/kcms/detail/41.1411.R.20200219.0957.005.html
617,http://new.oversea.cnki.net/kcms/detail/41.1411.r.20200219.0940.002.html
644,http://new.oversea.cnki.net/kcms/detail/41.1411.r.20200218.2344.002.html
622,http://new.oversea.cnki.net/kcms/detail/41.1411.r.20200215.1203.022.html
180,http://new.oversea.cnki.net/kcms/detail/41.1340.R.20200130.1353.001.html
400,http://new.oversea.cnki.net/kcms/detail/37.1413.R.20200213.0956.002.html
667,http://new.oversea.cnki.net/kcms/detail/37.1361.r.20200220.1134.001.html
194,http://new.oversea.cnki.net/kcms/detail/37.1246.S.20200206.1649.002.html
612,http://new.oversea.cnki.net/kcms/detail/37.1211.R.20200219.0907.002.html
461,http://new.oversea.cnki.net/kcms/detail/37.1211.R.20200218.1244.002.html
635,http://new.oversea.cnki.net/kcms/detail/37.1188.N.20200220.1205.002.html
1016,http://new.oversea.cnki.net/kcms/detail/37.1164.R.20200224.0905.002.html
971,http://new.oversea.cnki.net/kcms/detail/35.1329.R.20200225.1054.001.html
1009,http://new.oversea.cnki.net/kcms/detail/35.1284.R.20200224.1525.002.html
344,http://new.oversea.cnki.net/kcms/detail/35.1284.R.20200211.2118.002.html
1033,http://new.oversea.cnki.net/kcms/detail/34.1206.R.20200221.1900.002.html
956,http://new.oversea.cnki.net/kcms/detail/34.1086.r.20200224.1340.002.html
1035,http://new.oversea.cnki.net/kcms/detail/33.1400.R.20200224.1103.004.html
1036,http://new.oversea.cnki.net/kcms/detail/33.1400.R.20200224.1102.002.html
1062,http://new.oversea.cnki.net/kcms/detail/33.1386.r.20200222.1119.002.html
680,http://new.oversea.cnki.net/kcms/detail/33.1386.r.20200219.1451.002.html
150,http://new.oversea.cnki.net/kcms/detail/33.1359.R.20200205.1810.004.html
961,http://new.oversea.cnki.net/kcms/detail/33.1248.R.20200225.1528.004.html
962,http://new.oversea.cnki.net/kcms/detail/33.1248.R.20200225.1518.002.html
625,http://new.oversea.cnki.net/kcms/detail/33.1109.R.20200218.1956.002.html
309,http://new.oversea.cnki.net/kcms/detail/33.1109.R.20200210.1754.002.html
998,http://new.oversea.cnki.net/kcms/detail/33.1056.F.20200224.1742.004.html
997,http://new.oversea.cnki.net/kcms/detail/33.1056.F.20200224.1712.002.html
649,http://new.oversea.cnki.net/kcms/detail/33.1056.F.20200219.1553.042.html
441,http://new.oversea.cnki.net/kcms/detail/33.1056.F.20200214.1552.002.html
307,http://new.oversea.cnki.net/kcms/detail/33.1056.F.20200210.1359.002.html
949,http://new.oversea.cnki.net/kcms/detail/32.1247.R.20200225.1351.002.html
643,http://new.oversea.cnki.net/kcms/detail/32.1247.r.20200219.0801.002.html
654,http://new.oversea.cnki.net/kcms/detail/32.1247.R.20200218.0823.002.html
497,http://new.oversea.cnki.net/kcms/detail/32.1247.R.20200216.2006.002.html
395,http://new.oversea.cnki.net/kcms/detail/32.1247.r.20200213.1012.004.html
664,http://new.oversea.cnki.net/kcms/detail/32.1202.R.20200218.1045.006.html
979,http://new.oversea.cnki.net/kcms/detail/31.2031.S.20200225.1002.006.html
650,http://new.oversea.cnki.net/kcms/detail/31.1885.R.20200218.1222.002.html
391,http://new.oversea.cnki.net/kcms/detail/31.1885.r.20200212.1847.002.html
628,http://new.oversea.cnki.net/kcms/detail/31.1794.R.20200219.1616.004.html
665,http://new.oversea.cnki.net/kcms/detail/31.1794.R.20200219.1111.002.html
661,http://new.oversea.cnki.net/kcms/detail/31.1794.R.20200217.1344.004.html
485,http://new.oversea.cnki.net/kcms/detail/31.1794.R.20200217.1316.002.html
238,http://new.oversea.cnki.net/kcms/detail/31.1794.R.20200210.0923.002.html
1031,http://new.oversea.cnki.net/kcms/detail/31.1788.R.20200223.1704.001.html
242,http://new.oversea.cnki.net/kcms/detail/31.1788.R.20200208.1112.002.html
990,http://new.oversea.cnki.net/kcms/detail/31.1635.R.20200225.0951.002.html
645,http://new.oversea.cnki.net/kcms/detail/31.1635.R.20200219.1330.001.html
249,http://new.oversea.cnki.net/kcms/detail/31.1635.R.20200207.1624.001.html
951,http://new.oversea.cnki.net/kcms/detail/31.1366.R.20200225.1444.004.html
950,http://new.oversea.cnki.net/kcms/detail/31.1366.r.20200225.1428.002.html
980,http://new.oversea.cnki.net/kcms/detail/31.1366.R.20200224.2104.002.html
674,http://new.oversea.cnki.net/kcms/detail/31.1366.R.20200219.1459.002.html
677,http://new.oversea.cnki.net/kcms/detail/31.1366.r.20200218.1412.002.html
652,http://new.oversea.cnki.net/kcms/detail/31.1366.R.20200217.1626.004.html
613,http://new.oversea.cnki.net/kcms/detail/31.1366.R.20200217.1345.002.html
474,http://new.oversea.cnki.net/kcms/detail/31.1366.R.20200215.0851.002.html
488,http://new.oversea.cnki.net/kcms/detail/31.1366.R.20200214.1529.004.html
446,http://new.oversea.cnki.net/kcms/detail/31.1366.R.20200214.1100.002.html
308,http://new.oversea.cnki.net/kcms/detail/31.1366.R.20200210.1355.003.html
237,http://new.oversea.cnki.net/kcms/detail/31.1366.r.20200209.1042.002.html
969,http://new.oversea.cnki.net/kcms/detail/31.1276.R.20200224.1503.001.html
1029,http://new.oversea.cnki.net/kcms/detail/31.1276.R.20200222.2059.001.html
471,http://new.oversea.cnki.net/kcms/detail/31.1276.R.20200216.1357.002.html
467,http://new.oversea.cnki.net/kcms/detail/31.1276.r.20200216.1357.001.html
303,http://new.oversea.cnki.net/kcms/detail/31.1276.R.20200211.0906.001.html
627,http://new.oversea.cnki.net/kcms/detail/31.1163.f.20200220.1415.002.html
682,http://new.oversea.cnki.net/kcms/detail/31.1001.R.20200218.1255.001.html
978,http://new.oversea.cnki.net/kcms/detail/23.1513.Q.20200224.1809.002.html
185,http://new.oversea.cnki.net/kcms/detail/23.1513.Q.20200120.0839.002.html
1037,http://new.oversea.cnki.net/kcms/detail/23.1194.R.20200224.1103.002.html
948,http://new.oversea.cnki.net/kcms/detail/22.1375.R.20200224.1621.006.html
957,http://new.oversea.cnki.net/kcms/detail/22.1342.R.20200225.1049.002.html
636,http://new.oversea.cnki.net/kcms/detail/22.1119.R.20200217.1708.001.html
673,http://new.oversea.cnki.net/kcms/detail/21.1546.R.20200220.0806.002.html
310,http://new.oversea.cnki.net/kcms/detail/21.1546.R.20200211.0907.002.html
193,http://new.oversea.cnki.net/kcms/detail/21.1546.R.20200206.1811.002.html
1028,http://new.oversea.cnki.net/kcms/detail/21.1349.R.20200224.1021.001.html
977,http://new.oversea.cnki.net/kcms/detail/15.1364.R.20200225.1000.002.html
687,http://new.oversea.cnki.net/kcms/detail/15.1364.R.20200218.1452.002.html
173,http://new.oversea.cnki.net/kcms/detail/14.1411.R.20200202.1043.001.html
161,http://new.oversea.cnki.net/kcms/detail/14.1349.R.20200203.1446.002.html
176,http://new.oversea.cnki.net/kcms/detail/14.1349.R.20200131.1358.004.html
178,http://new.oversea.cnki.net/kcms/detail/14.1349.R.20200131.1319.002.html
632,http://new.oversea.cnki.net/kcms/detail/14.1272.R.20200218.1547.002.html
442,http://new.oversea.cnki.net/kcms/detail/14.1272.r.20200214.1136.004.html
443,http://new.oversea.cnki.net/kcms/detail/14.1272.R.20200214.1116.002.html
300,http://new.oversea.cnki.net/kcms/detail/14.1272.R.20200210.1421.004.html
293,http://new.oversea.cnki.net/kcms/detail/14.1272.r.20200210.1417.002.html
243,http://new.oversea.cnki.net/kcms/detail/14.1272.R.20200207.2118.002.html
162,http://new.oversea.cnki.net/kcms/detail/14.1272.R.20200203.1437.004.html
163,http://new.oversea.cnki.net/kcms/detail/14.1272.R.20200203.1435.002.html
172,http://new.oversea.cnki.net/kcms/detail/14.1272.R.20200202.1058.002.html
174,http://new.oversea.cnki.net/kcms/detail/14.1272.R.20200201.1949.002.html
175,http://new.oversea.cnki.net/kcms/detail/14.1272.R.20200131.1911.004.html
177,http://new.oversea.cnki.net/kcms/detail/14.1272.R.20200131.1909.003.html
1059,http://new.oversea.cnki.net/kcms/detail/13.1406.r.20200221.1321.002.html
655,http://new.oversea.cnki.net/kcms/detail/13.1406.r.20200218.0853.002.html
656,http://new.oversea.cnki.net/kcms/detail/13.1406.r.20200217.1832.004.html
639,http://new.oversea.cnki.net/kcms/detail/13.1406.r.20200217.1736.002.html
975,http://new.oversea.cnki.net/kcms/detail/13.1316.R.20200224.1737.002.html
466,http://new.oversea.cnki.net/kcms/detail/12.1409.R.20200216.1421.002.html
451,http://new.oversea.cnki.net/kcms/detail/12.1409.R.20200213.1711.002.html
1020,http://new.oversea.cnki.net/kcms/detail/12.1395.R.20200223.0929.002.html
684,http://new.oversea.cnki.net/kcms/detail/12.1391.R.20200218.1136.004.html
1007,http://new.oversea.cnki.net/kcms/detail/12.1349.R.20200224.0931.002.html
1022,http://new.oversea.cnki.net/kcms/detail/12.1349.R.20200223.1514.002.html
685,http://new.oversea.cnki.net/kcms/detail/12.1349.R.20200219.1500.002.html
479,http://new.oversea.cnki.net/kcms/detail/12.1349.R.20200214.1710.004.html
481,http://new.oversea.cnki.net/kcms/detail/12.1349.R.20200214.1634.002.html
389,http://new.oversea.cnki.net/kcms/detail/12.1349.R.20200213.0958.006.html
388,http://new.oversea.cnki.net/kcms/detail/12.1349.R.20200213.0903.002.html
966,http://new.oversea.cnki.net/kcms/detail/12.1108.R.20200225.1153.004.html
964,http://new.oversea.cnki.net/kcms/detail/12.1108.R.20200225.0852.002.html
968,http://new.oversea.cnki.net/kcms/detail/12.1108.R.20200224.2202.002.html
689,http://new.oversea.cnki.net/kcms/detail/12.1108.R.20200218.1653.012.html
688,http://new.oversea.cnki.net/kcms/detail/12.1108.R.20200218.1652.010.html
459,http://new.oversea.cnki.net/kcms/detail/12.1108.R.20200218.1239.008.html
460,http://new.oversea.cnki.net/kcms/detail/12.1108.R.20200218.1235.006.html
469,http://new.oversea.cnki.net/kcms/detail/12.1108.R.20200218.1120.004.html
470,http://new.oversea.cnki.net/kcms/detail/12.1108.R.20200218.1120.002.html
464,http://new.oversea.cnki.net/kcms/detail/12.1108.R.20200216.2044.002.html
444,http://new.oversea.cnki.net/kcms/detail/12.1108.R.20200214.1506.002.html
320,http://new.oversea.cnki.net/kcms/detail/12.1108.R.20200212.1133.002.html
312,http://new.oversea.cnki.net/kcms/detail/12.1108.r.20200209.1038.002.html
146,http://new.oversea.cnki.net/kcms/detail/12.1108.R.20200206.1442.002.html
418,http://new.oversea.cnki.net/kcms/detail/11.9284.r.20200212.1113.002.html
152,http://new.oversea.cnki.net/kcms/detail/11.9234.R.20200205.1449.002.html
1051,http://new.oversea.cnki.net/kcms/detail/11.9146.R.20200222.1501.002.html
291,http://new.oversea.cnki.net/kcms/detail/11.9146.R.20200211.1353.002.html
1030,http://new.oversea.cnki.net/kcms/detail/11.5969.R.20200221.1526.001.html
663,http://new.oversea.cnki.net/kcms/detail/11.5882.r.20200219.0953.002.html
182,http://new.oversea.cnki.net/kcms/detail/11.5882.r.20200130.1430.002.html
1046,http://new.oversea.cnki.net/kcms/detail/11.5836.o1.20200220.1907.002.html
301,http://new.oversea.cnki.net/kcms/detail/11.5836.O1.20200210.1444.002.html
681,http://new.oversea.cnki.net/kcms/detail/11.5699.R.20200217.1242.002.html
498,http://new.oversea.cnki.net/kcms/detail/11.5699.R.20200216.1533.002.html
672,http://new.oversea.cnki.net/kcms/detail/11.5635.R.20200219.2120.004.html
691,http://new.oversea.cnki.net/kcms/detail/11.5635.R.20200219.1703.002.html
468,http://new.oversea.cnki.net/kcms/detail/11.5635.R.20200218.1047.002.html
482,http://new.oversea.cnki.net/kcms/detail/11.5635.R.20200217.1519.002.html
503,http://new.oversea.cnki.net/kcms/detail/11.5635.R.20200215.2008.002.html
409,http://new.oversea.cnki.net/kcms/detail/11.5635.r.20200212.2218.002.html
188,http://new.oversea.cnki.net/kcms/detail/11.5635.R.20200207.1616.002.html
1045,http://new.oversea.cnki.net/kcms/detail/11.5529.R.20200222.2028.004.html
1064,http://new.oversea.cnki.net/kcms/detail/11.5529.r.20200221.0916.014.html
641,http://new.oversea.cnki.net/kcms/detail/11.5529.R.20200218.1552.002.html
305,http://new.oversea.cnki.net/kcms/detail/11.5529.R.20200210.0845.002.html
168,http://new.oversea.cnki.net/kcms/detail/11.5225.R.20200202.1841.002.html
1042,http://new.oversea.cnki.net/kcms/detail/11.4972.TU.20200223.2333.003.html
1048,http://new.oversea.cnki.net/kcms/detail/11.4972.tu.20200222.1730.004.html
676,http://new.oversea.cnki.net/kcms/detail/11.4967.R.20200217.1020.001.html
993,http://new.oversea.cnki.net/kcms/detail/11.4816.Q.20200224.1748.002.html
486,http://new.oversea.cnki.net/kcms/detail/11.4716.C.20200214.1738.002.html
411,http://new.oversea.cnki.net/kcms/detail/11.4716.C.20200212.1425.002.html
500,http://new.oversea.cnki.net/kcms/detail/11.3759.R.20200216.1224.002.html
1053,http://new.oversea.cnki.net/kcms/detail/11.3554.R.20200223.1425.002.html
647,http://new.oversea.cnki.net/kcms/detail/11.3519.R.20200219.2120.002.html
387,http://new.oversea.cnki.net/kcms/detail/11.3519.R.20200213.1105.002.html
967,http://new.oversea.cnki.net/kcms/detail/11.3495.R.20200225.1145.003.html
1001,http://new.oversea.cnki.net/kcms/detail/11.3495.R.20200224.2221.014.html
637,http://new.oversea.cnki.net/kcms/detail/11.3495.R.20200218.1550.004.html
145,http://new.oversea.cnki.net/kcms/detail/11.3495.R.20200206.1500.004.html
1050,http://new.oversea.cnki.net/kcms/detail/11.3456.R.20200222.1005.002.html
1061,http://new.oversea.cnki.net/kcms/detail/11.3456.R.20200221.1858.006.html
1067,http://new.oversea.cnki.net/kcms/detail/11.3456.R.20200221.1345.004.html
678,http://new.oversea.cnki.net/kcms/detail/11.3456.r.20200219.1629.008.html
615,http://new.oversea.cnki.net/kcms/detail/11.3456.R.20200219.1312.006.html
659,http://new.oversea.cnki.net/kcms/detail/11.3456.r.20200219.0907.004.html
1044,http://new.oversea.cnki.net/kcms/detail/11.3209.G3.20200223.1605.002.html
436,http://new.oversea.cnki.net/kcms/detail/11.3002.R.20200215.1316.002.html
245,http://new.oversea.cnki.net/kcms/detail/11.2787.R.20200209.1039.002.html
246,http://new.oversea.cnki.net/kcms/detail/11.2787.R.20200208.1034.002.html
247,http://new.oversea.cnki.net/kcms/detail/11.2787.R.20200207.1737.006.html
248,http://new.oversea.cnki.net/kcms/detail/11.2787.R.20200207.1628.002.html
292,http://new.oversea.cnki.net/kcms/detail/11.2672.R.20200211.1145.002.html
181,http://new.oversea.cnki.net/kcms/detail/11.2672.R.20200130.1723.002.html
183,http://new.oversea.cnki.net/kcms/detail/11.2672.R.20200129.1824.002.html
640,http://new.oversea.cnki.net/kcms/detail/11.2378.TU.20200218.1543.006.html
683,http://new.oversea.cnki.net/kcms/detail/11.2378.TU.20200218.0949.002.html
651,http://new.oversea.cnki.net/kcms/detail/11.2378.tu.20200214.1749.048.html
648,http://new.oversea.cnki.net/kcms/detail/11.2378.tu.20200214.1748.044.html
631,http://new.oversea.cnki.net/kcms/detail/11.2378.TU.20200214.1748.042.html
618,http://new.oversea.cnki.net/kcms/detail/11.2378.TU.20200214.1747.040.html
454,http://new.oversea.cnki.net/kcms/detail/11.2378.TU.20200214.1746.038.html
453,http://new.oversea.cnki.net/kcms/detail/11.2378.TU.20200214.1746.034.html
489,http://new.oversea.cnki.net/kcms/detail/11.2378.TU.20200214.1625.030.html
483,http://new.oversea.cnki.net/kcms/detail/11.2378.TU.20200214.1625.026.html
491,http://new.oversea.cnki.net/kcms/detail/11.2378.TU.20200214.1625.024.html
487,http://new.oversea.cnki.net/kcms/detail/11.2378.TU.20200214.1554.022.html
445,http://new.oversea.cnki.net/kcms/detail/11.2378.TU.20200214.1035.002.html
405,http://new.oversea.cnki.net/kcms/detail/11.2378.TU.20200212.1135.012.html
406,http://new.oversea.cnki.net/kcms/detail/11.2378.TU.20200212.1135.010.html
412,http://new.oversea.cnki.net/kcms/detail/11.2378.TU.20200212.1135.008.html
410,http://new.oversea.cnki.net/kcms/detail/11.2378.TU.20200212.1135.006.html
415,http://new.oversea.cnki.net/kcms/detail/11.2378.TU.20200212.1135.004.html
414,http://new.oversea.cnki.net/kcms/detail/11.2378.TU.20200212.1135.002.html
317,http://new.oversea.cnki.net/kcms/detail/11.2378.tu.20200211.2048.014.html
327,http://new.oversea.cnki.net/kcms/detail/11.2378.TU.20200211.2047.012.html
325,http://new.oversea.cnki.net/kcms/detail/11.2378.TU.20200211.1757.008.html
328,http://new.oversea.cnki.net/kcms/detail/11.2378.TU.20200211.1756.006.html
329,http://new.oversea.cnki.net/kcms/detail/11.2378.TU.20200211.1749.004.html
324,http://new.oversea.cnki.net/kcms/detail/11.2378.TU.20200211.1749.002.html
989,http://new.oversea.cnki.net/kcms/detail/11.2273.R.20200224.1415.001.html
610,http://new.oversea.cnki.net/kcms/detail/11.2273.R.20200217.1708.001.html
959,http://new.oversea.cnki.net/kcms/detail/11.2272.R.20200225.1529.007.html
960,http://new.oversea.cnki.net/kcms/detail/11.2272.R.20200225.1522.006.html
686,http://new.oversea.cnki.net/kcms/detail/11.2272.R.20200219.1817.001.html
690,http://new.oversea.cnki.net/kcms/detail/11.2272.r.20200218.1849.003.html
333,http://new.oversea.cnki.net/kcms/detail/11.2272.R.20200212.1028.004.html
189,http://new.oversea.cnki.net/kcms/detail/11.2272.R.20200207.1317.001.html
1041,http://new.oversea.cnki.net/kcms/detail/11.2220.R.20200223.2334.002.html
1000,http://new.oversea.cnki.net/kcms/detail/11.2166.R.20200224.1038.008.html
1011,http://new.oversea.cnki.net/kcms/detail/11.2166.R.20200224.1034.006.html
1008,http://new.oversea.cnki.net/kcms/detail/11.2166.R.20200224.0948.004.html
1005,http://new.oversea.cnki.net/kcms/detail/11.2166.R.20200224.0938.002.html
1066,http://new.oversea.cnki.net/kcms/detail/11.2166.R.20200221.1513.004.html
621,http://new.oversea.cnki.net/kcms/detail/11.2166.R.20200217.2034.006.html
472,http://new.oversea.cnki.net/kcms/detail/11.2166.R.20200217.1502.004.html
494,http://new.oversea.cnki.net/kcms/detail/11.2166.R.20200217.0906.002.html
492,http://new.oversea.cnki.net/kcms/detail/11.2166.R.20200216.2004.002.html
493,http://new.oversea.cnki.net/kcms/detail/11.2166.R.20200215.1633.004.html
496,http://new.oversea.cnki.net/kcms/detail/11.2166.R.20200215.1057.002.html
337,http://new.oversea.cnki.net/kcms/detail/11.2166.r.20200211.0848.002.html
244,http://new.oversea.cnki.net/kcms/detail/11.2166.R.20200207.1714.002.html
195,http://new.oversea.cnki.net/kcms/detail/11.2166.R.20200206.1519.007.html
198,http://new.oversea.cnki.net/kcms/detail/11.2166.r.20200206.1256.004.html
200,http://new.oversea.cnki.net/kcms/detail/11.2166.r.20200206.1113.002.html
147,http://new.oversea.cnki.net/kcms/detail/11.2166.R.20200205.1606.002.html
167,http://new.oversea.cnki.net/kcms/detail/11.2166.R.20200202.1407.002.html
184,http://new.oversea.cnki.net/kcms/detail/11.2166.R.20200129.1258.002.html
1032,http://new.oversea.cnki.net/kcms/detail/11.2163.R.20200224.1100.001.html
318,http://new.oversea.cnki.net/kcms/detail/11.2163.R.20200212.1110.002.html
298,http://new.oversea.cnki.net/kcms/detail/11.2163.r.20200211.1017.002.html
974,http://new.oversea.cnki.net/kcms/detail/11.2162.R.20200225.1052.002.html
399,http://new.oversea.cnki.net/kcms/detail/11.2162.r.20200212.2010.004.html
330,http://new.oversea.cnki.net/kcms/detail/11.2162.R.20200212.0930.002.html
192,http://new.oversea.cnki.net/kcms/detail/11.2162.R.20200207.0936.002.html
315,http://new.oversea.cnki.net/kcms/detail/11.1913.R.20200212.1424.001.html
1010,http://new.oversea.cnki.net/kcms/detail/11.1881.R.20200224.0843.002.html
1014,http://new.oversea.cnki.net/kcms/detail/11.1881.R.20200224.0840.001.html
1015,http://new.oversea.cnki.net/kcms/detail/11.1881.R.20200223.1827.002.html
1017,http://new.oversea.cnki.net/kcms/detail/11.1881.R.20200223.1824.001.html
952,http://new.oversea.cnki.net/kcms/detail/11.1865.R.20200225.1022.002.html
319,http://new.oversea.cnki.net/kcms/detail/11.1865.R.20200212.1010.002.html
290,http://new.oversea.cnki.net/kcms/detail/11.1865.r.20200211.1401.002.html
1054,http://new.oversea.cnki.net/kcms/detail/11.1815.O6.20200222.1742.004.html
398,http://new.oversea.cnki.net/kcms/detail/11.1056.R.20200212.1702.005.html
148,http://new.oversea.cnki.net/kcms/detail/11.1056.r.20200201.1338.003.html
170,http://new.oversea.cnki.net/kcms/detail/11.1056.r.20200201.1338.003.html
981,http://new.oversea.cnki.net/kcms/detail/10.1117.R.20200225.0952.002.html
986,http://new.oversea.cnki.net/kcms/detail/10.1117.r.20200224.1725.008.html
1027,http://new.oversea.cnki.net/kcms/detail/10.1117.R.20200224.1324.006.html
616,http://new.oversea.cnki.net/kcms/detail/10.1117.R.20200218.1912.002.html
